{
    "loss": 1.8322458267211914,
    "accuracy": 0.7913669347763062
}