{
    "loss": 17.040260314941406,
    "accuracy": 0.5467625856399536
}