{
    "loss": 41.98019027709961,
    "accuracy": 0.48201438784599304
}