{
    "loss": 3.025228261947632,
    "accuracy": 0.9136690497398376
}